{
    "PageData": [
        {
            "title": "中国航天",
            "date": "2022-01-01",
            "auther": "佚名",
            "value": [
                {
                    "type": "img",
                    "value": "./assets/images/1/1.webp"
                },
                {
                    "type": "text",
                    "value": "中国航天事业起始于1956年。中国于1970年4月24日发射第一颗人造地球卫星，是继苏联、美国、法国、日本之后世界上第5个能独立发射人造卫星的国家。"
                },
                {
                    "type": "text",
                    "value": "中国发展航天事业的宗旨是：探索外太空，扩展对地球和宇宙的认识；和平利用外太空，促进人类文明和社会进步，造福全人类；满足经济建设、科技发展、国家安全和社会进步等方面的需求，提高全民科学素质，维护国家权益，增强综合国力。中国发展航天事业贯彻国家科技事业发展的指导方针，即自主创新、重点跨越、支撑发展、引领未来。"
                },
                {
                    "type": "img",
                    "value": "./assets/images/1/2.webp"
                },
                {
                    "type": "text",
                    "value": "2021年6月17日9时22分，中国神舟十二号载人飞船发射，飞行乘组由航天员聂海胜、刘伯明和汤洪波三人组成。 10月17日，航天发射次数一年内“首次突破40次”。2021年执行了55次发射任务，数量位居世界第一。 12月13日，“2021年度中国媒体十大流行语”发布。“中国航天”在其中。"
                },
                {
                    "type": "text",
                    "value": "2023年12月15日21时41分，长征五号运载火箭在中国文昌航天发射场点火起飞，随后成功将遥感四十一号卫星送入预定轨道，发射任务取得圆满成功。"
                }
            ]
        },
        {
            "title": "载人航天",
            "date": "2022-01-01",
            "auther": "佚名",
            "value": [
                {
                    "type": "text",
                    "value": "中国载人航天工程于1992年9月21日由中国政府批准实施，代号“921工程”，是中国空间科学实验的重大战略工程之一."
                },
                {
                    "type": "text",
                    "value": "1992年9月21日，中央政治局常委会批准我国载人航天工程按“三步走”发展战略实施。2010年9月25日，中央政治局常委会议批准《载人空间站工程实施方案》，载人空间站工程正式启动实施"
                },
                {
                    "type": "img",
                    "value": "./assets/images/2/2.webp"
                },
                {
                    "type": "text",
                    "value": "2022年7月7日，根据《中华人民共和国商标法》《中华人民共和国专利法》等有关规定，对中国载人航天工程办公室“中国载人航天工程标识（中文标识）”“中国载人航天工程标识（英文标识）”予以登记备案，并纳入官方标志保护。"
                },
                {
                    "type": "text",
                    "value": "北京时间2023年10月26日11时14分，搭载神舟十七号载人飞船的长征二号F遥十七运载火箭在酒泉卫星发射中心点火发射，约10分钟后，神舟十七号载人飞船与火箭成功分离，进入预定轨道，航天员乘组状态良好，发射取得圆满成功。"
                },
                {
                    "type": "img",
                    "value": "./assets/images/2/1.webp"
                },
                {
                    "type": "text",
                    "value": "2023年10月31日，神舟十六号载人飞船返回舱成功着陆。 [82]经现场医监医保人员确认，景海鹏、朱杨柱、桂海潮3名航天员身体状态良好，即将出舱。神舟十六号载人飞行任务取得圆满成功。"
                },
                {
                    "type": "img",
                    "value": "./assets/images/2/3.webp"
                },
                {
                    "type": "img",
                    "value": "./assets/images/2/4.webp"
                }
            ]
        },
        {
            "title": "关于站点",
            "date": "2022-01-01",
            "auther": "XiaoTang",
            "value": [
                {
                    "type": "text",
                    "value": "班级：G22计算机应用技术7班"
                },
                {
                    "type": "text",
                    "value": "姓名：唐志平"
                },
                {
                    "type": "text",
                    "value": "学号：202211052"
                },
                {
                    "type": "text",
                    "value": "其他说明：基于Vue3，但是由于为使用构建工具，故未使用组件、状态管理等功能。"
                },
                {
                    "type": "text",
                    "value": "数据来源：'./api/data.json'"
                },
                {
                    "type": "img",
                    "value": "./assets/images/3/1.jpg"
                }
            ]
        }
    ],
    "copyright": [
        "Copyright © 2024. 中国航天 All rights reserved.",
        "202211052@XiaoTang",
        "更新时间：2023年12月27日"
    ]
}